MYA-SEA,,,,,,Administrative location,,,,Hydrological location,,,,,,,,, Hydrometeorology ,,,,,,,Project Characteristics,,,,,,,,,,,,,,,,,,,,,,,,, Transmission ,,,,,,Development,,,,,,,,,,,,,,, Monthly Mean Flows (m3/s) according to MoEE ,,,,,,,,,,,,
 ID , Hydropower Plant , Status , Status 2 , LAT N , LON E , State/Region , District , Township , Village , Basin , Sub-Basin (HP Chapter) , Sub-Basin (GIS Maps) , River/ Watershed ,, HP or Multipurpose , D/S Distance to irrigation extraction if not from dam (km) ,, Catchment Area (km2) , Catchment Annual rainfall (mm) , GIS Rainfall , Mean annual inflow (MAF) into reservoir (m3/s) , Annual Runnof into Reservoir (hm3) , Unit flow l/s/km2 , Qmin/ MAF ,, Dam Type , Dam Height (m) , Full Supply Level (FSL) (m) , Low Water Level (LWL) (m) , Drawdown (m) ,, Reservoir Area (km2) , Total Length of reservoir (km) , Reservoir Dead Storage (hm3) , Reservoir Live Storage (hm3) , Reservoir Total Storage (hm3) , Reservoir Retention period (days) , RoR or Storage ,, Distance along river between dam and powerhouse (km) , Powerhouse Type , Total Powerplant Design Discharge (m3/s) , Turbine discharge/ Min Flow , Turbine Design Head (m) , Number of units , Installed Capacity (MW) , Annual Generation (GWh) , Firm Power (MW) , Plant Factor ,, Transmission Line Voltage level (kV) , TL Length (km) , TL Connected to S/S ,, Acces Road Length (km) ,, Developer , Country , Investment by , Installed Capacity (MW) , Myanmar Selfuse (MW) ,% use MYA, Export (MW) , Export to ,, Estimated No. Construction Workers (planned projects) ,, Actual Commissioning Year , MoEE Planned Comissioning Year ,,, Jan , Feb , Mar , Apr , May , June , July , Aug , Sep , Oct , Nov , Dec ,
2,Baluchaung 1,Built,E, 19.648000 , 97.287000 ,Kayah,Loikaw,Loikaw,,Thanlwin,Nam Pawn,Baluchaung,Baluchaung,,HP,,," 7,872 ",," 1,493 ", 36.5 ," 1,151 ", 4.6 ,81%,, CG , 11 , 867 , 864 , 3 ,, 0.0 , 0.2 , -   , 2 , 2 , 1 , RoR ,, 10.3 ,Above ground, 46 , 1.6 , 70 ,2, 28 , 200 , 26 , 0.82 ,, 132 , 5 ,Baluchaung 2,,,,MoEE,Myanmar,Sole Investment , 28 , 28 ,100%, -   ,,,  ,,1992,,,,,,,,,,,,,,,,
4,Baluchaung 2,Built,E, 19.557000 , 97.358000 ,Kayah,Loikaw,Loikaw,,Thanlwin,Nam Pawn,Baluchaung,Baluchaung,,HP,,," 7,910 ",," 1,493 ", 38.0 ," 1,198 ", 4.8 ,79%,, Weir , -   , 787 , 784 , 3 ,, -   , -   , -   , -   , -   , -   , RoR ,, 7.1 ,Above ground, 48 , 1.6 , 422 ,2, 168 ," 1,190 ", 155 , 0.81 ,, 230 , 153.79+193.2 ,Taungoo and Shwemyo,,,,MoEE,Myanmar,Sole Investment, 168 , 168 ,100%, -   ,,,  ,,1974,,,,,,,,,,,,,,,,
6,Baluchaung 3,Built,E, 19.546000 , 97.397000 ,Kayah,Loikaw,Loikaw,,Thanlwin,Nam Pawn,Baluchaung,Baluchaung,,HP,,," 8,042 ",," 1,493 ", 40.2 ," 1,268 ", 5.0 ,75%,, Intake , -   , 339 ,,  ,, -   , -   , -   , -   , -   , -   , RoR ,, 5.1 ,Above ground, 51 , 1.7 , 114 ,6, 52 , 334 ,, 0.73 ,, 132 , 5 ,Baluchaung 3,,,,Future Energy,Myanmar,Local BOT, 52 , 52 ,100%, -   ,,,  ,,2014,,,,,,,,,,,,,,,,
7,Baluchaung (upper),Construction,C, 20.484592 , 96.781918 ,Shan,Taunggyi,Pin Laung,Indein,Thanlwin,Nam Pawn,Baluchaung,Baluchaung,,HP,,, 356 ," 1,925 "," 1,493 ", 11.1 , 349 , 31.1 ,43%,,, 35 ," 1,140 "," 1,125 ", 15 ,, 9.7 ,,,,,,,, 3.0 ,Above ground, 16 , 3.3 , 148 ,2, 30 , 90 , 3 , 0.34 ,, 66 , 32 ,Kalaw,,,,NeoEnergy Oasis,Myanmar,Local BOT, 30 , 30 ,100%, -   ,,,  ,,,2019,,, 7 , 6 , 5 , 5 , 6 , 10 , 13 , 21 , 22 , 16 , 12 , 9 ,
8,Bawgata,LocMoU,P, 18.255561 , 96.848496 ,Bago,Taungoo,Kyauk Gyi,,Sittaung,Bawgata,Bawgata,Bawgata,,HP,,, 260 ,," 2,806 ", 9.5 , 300 , 36.5 ,9%,, Rockfill , 80 ,,,  ,, 19.4 ,, 557 , 278 , 835 , 339 , S ,, -   ,,,,,, 160 , 500 ,, 0.36 ,,,,,,,,Thoolei,Myanmar,Local BOT, 160 , 160 ,100%, -   ,,, 700 ,,,2020,,,,,,,,,,,,,,,
9,Belin,LocMoU,P, 17.519723 , 97.243546 ,Mon,Thaton,Bilin,,Bilin,Bilin,Bilin,Bilin River,,HP,,," 2,250 "," 3,700 "," 3,138 ", 190.0 ," 5,992 ", 84.4 ,5%,,, 131 ,,,  ,, 310.0 ,, 220 ," 9,491 "," 9,711 ", 578 , S ,, -   ,,,,,, 280 ,,, - ,, 230 , 61 ,Thaton,,,,HCDG,Myanmar,Local BOT, 280 , 280 ,100%, -   ,,," 1,100 ",,,2021,,, 25 , 18 , 13 , 10 , 22 , 192 , 537 , 771 , 418 , 167 , 64 , 37 ,
10,Buywa (upper),GOM Plan,P, 20.766090 , 94.081800 ,Magway,Minbu,Setotaya,,Ayeyarwady,Mone Chaung,Mone Chaung,Mon Chaung,,Multi,,," 2,305 ",," 1,694 ", 79.0 ," 2,491 ", 34.3 ,9%,,, 138 ,,,  ,, 76.2 ,, 602 , 119 , 721 , 17 , S ,, -   ,,,,,, 150 , 534 ,, 0.41 ,,,,,,,,MOALI,Myanmar,Sole Investment , 150 , 150 ,100%, -   ,,, 600 ,,,2019,,,,,,,,,,,,,,,
11,Buywa,Construction,C, 20.658056 , 94.150833 ,Magway,Minbu,Setotaya,,Ayeyarwady,Mone Chaung,Mone Chaung,Mon Chaung,,Multi,,," 3,108 ",," 1,694 ",, -   ,,,,, 46 ,,,  ,, 38.1 ,, 70 , 139 , 209 , - , - ,, -   ,,,,,, 42 ,,, - ,,,,,,,,MOALI,Myanmar,Sole Investment , 42 , 42 ,100%, -   ,,,  ,,,2018,,,,,,,,,,,,,,,
14,Chipwi,JVA,P, 25.890500 , 98.125720 ,Kachin,Myitkyina,Chipwi,Chipwi,Ayeyarwady,Ayeyarwady Headwaters,Nmae Hka,N'Mai  Hka,,HP,,," 21,734 ",," 1,540 "," 2,210.0 "," 69,695 ", 101.7 ,22%,, CFRD , 203 , 400 , 385 , 15 ,, 27.7 , 62.0 ," 1,530 ", 380 ," 1,910 ", 2 , RoR ,, -   ,Underground," 2,762 ", 5.7 , 141 ,5," 3,400 "," 18,200 ",, 0.61 ,,,,,,,,CPI,PRC,Foreign JV/BOT," 3,400 ", 340 ,50%," 1,700 ",PRC,," 10,700 ",,,2020,,, 486 , 523 , 787 ," 1,201 "," 1,678 "," 3,754 "," 5,240 "," 4,061 "," 3,452 "," 2,369 ", 979 , 603 ,
15,Chipwi Nge,Built,E, 25.806073 , 98.184039 ,Kachin,Myitkyina,Chipwi,Chipwi,Ayeyarwady,Ayeyarwady Headwaters,Nmae Hka,Chipwi Hka,,HP,,, 552 ,," 1,540 ", 40.1 ," 1,265 ", 72.6 ,12%,, CG , 48 , 740 , 735 , 5 ,, 0.1 , 0.7 , 1 , 0 , 1 , 0 , RoR ,, 16.7 ,Above ground, 26 , 5.6 , 433 ,3, 99 , 599 , 26 , 0.69 ,, 132 , 98 ,Waingmaw,,,,SPIC,PRC,Foreign JV/BOT, 99 , 20 ,20%, 79 ,,,  ,,2013,,,,,,,,,,,,,,,,
17,Dapein 1,Built,E, 24.421451 , 97.525448 ,Kachin,Bhamo,Bhamo,,Ayeyarwady,Dapein,Dapein,Dapein,,HP,,," 6,002 "," 1,330 "," 1,686 ", 319.0 ," 10,060 ", 53.1 ,19%,, Concrete , 46 , 250 ,,  ,, 0.4 , 3.6 , 8 , 15 , 22 , 1 , RoR ,, 4.3 ,Above ground,,,,, 240 ," 1,065 ", 30 , 0.51 ,, 132 , 37 ,Bamaw,,,,China Datang,PRC,Foreign JV/BOT, 240 , 19 ,8%, 221 ,PRC,,  ,,2011,,,,,,,,,,,,,,,,
18,Dapein 2,MOU,P, 24.368270 , 97.421400 ,Kachin,Bhamo,Moemauk,,Ayeyarwady,Dapein,Dapein,Dapein,,HP,,," 6,220 "," 1,330 "," 1,686 ", 331.0 ," 10,438 ", 53.2 ,19%,, CG , 59 , 179 , 174 , 5 ,,, 8.0 , 19 , 36 , 55 , 1 , RoR ,, -   ,Above ground, 380 , 5.9 , 42 ,2, 140 , 642 , 18 , 0.52 ,, 230 , 16 ,Dapein1,,,,DUHD,PRC,Foreign JV/BOT, 140 , 70 ,50%, 70 ,,, 600 ,,,2022,,,,,,,,,,,,,,,
20,Deedoke,MOU,P, 21.687230 , 96.404455 ,Mandalay,Pyinoolwin,Kyaukse,Hngel Kyi Thaik,Ayeyarwady,Myitnge,Lower Myitnge,Lower Myitnge,,HP,,," 28,695 "," 1,300 "," 1,596 ", 491.4 ," 15,496 ", 17.1 ,21%,, RCC Gravity Dam , 27 , 81 , 80 , 1 ,,, 21.0 ,,, 13 , -   , ROR ,, -   ,In dam, 840 , 6.6 , 8 ,3, 60 , 338 ,, 0.64 ,, 132 , 20 ,Belin,,,,Andritz Hydro,Austria,Foreign JV/BOT, 60 , 66 ,110%, (6),,, 200 ,,,2020,,,,,,,,,,,,,,,
21,Dum Ban,MOU,P, 25.511556 , 97.907021 ,Kachin,Myitkyina,Wyunmaw,Sadon,Ayeyarwady,Ayeyarwady Headwaters,Nmae Hka,N'Mai  Hka Tributary,,HP,,, 660 ," 2,822 ",, 38.4 ," 1,211 ", 58.2 ,29%,, CG , 81 , 405 , 370 , 35 ,,, 5.0 , 4 , 30 , 34 , 9 , S ,, 3.4 ,Underground, 83 , 7.5 , 178 ,2, 130 , 371 , 16 , 0.33 ,,,,,,,,YBEP/Chan Yinn Khuu,PRC/MYA,Foreign JV/BOT, 130 , 130 ,100%, -   ,,, 500 ,,,2020,,, 17 , 13 , 11 , 15 , 25 , 71 , 104 , 68 , 48 , 40 , 23 , 18 ,
23,Gaw Lan,JVA,P, 26.051936 , 98.580461 ,Kachin,Myitkyina,Chipwi,,Ayeyarwady,Ayeyarwady Headwaters,Naw Chang  Hka,Naw Chang  Hka,,HP,,, 740 ," 3,500 "," 1,540 ", 56.1 ," 1,769 ", 75.8 ,8%,, CG , 47 ," 1,510 "," 1,495 ", 15 ,, 6.7 , 3.0 , 0 , 1 , 1 , 0 , RoR ,, 11.0 ,Above ground, 76 , 17.4 , 175 ,2, 120 , 594 , 25 , 0.56 ,, 230 , 15 ,Hawkawn,,,,YEIG/IGOEC,PRC/MYA,Foreign JV/BOT, 120 , 60 ,50%, 60 ,,, 500 ,,,2026,,,,,,,,,,,,,,,
26,Hawkham (upper) ,MOU,P, 19.211667 , 97.399722 ,Kayah,Bawlakhe,,,Thanlwin,Nam Pawn,Nam Pawn,Nam Pawn,,HP,,," 16,884 "," 1,100 "," 1,446 ", 334.0 ," 10,533 ", 19.8 ,18%,,, 72 , 206 ,,  ,,, 29.0 ,,, 333 ,,,, -   ,, 360 , 5.9 ,,, 180 , 755 ,, 0.48 ,,,,,,,,TEI/HCTC,SIN/MYA,Foreign JV/BOT, 180 ,,0%,  ,,, 700 ,,,2020,,,,,,,,,,,,,,,
27,He Kou,MOU,P, 21.341291 , 100.720928 ,Shan,He Kou,,,Mekong,Nam Lwe,Nam Lwe,Nam Lwe,,HP,,," 15,103 ",," 1,381 ", 359.0 ," 11,321 ", 23.8 ,20%,,,,,,  ,, 6.5 , 27.0 , 56 , 12 , 68 , 0 , RoR ,, -   ,,,,,, 138 , 483 ,, 0.40 ,,,,,,,,YNIC,PRC,Foreign JV/BOT, 138 , 69 ,50%, 69 ,<-PRC?,, 600 ,,,2025,,, 142 , 108 , 82 , 71 , 109 , 286 , 760 ," 1,030 ", 710 , 457 , 321 , 202 ,
28,Hkankawn,MOA,P, 26.023865 , 98.429523 ,Kachin,Myitkyina,Tsawlaw,Tsawlaw,Ayeyarwady,Ayeyarwady Headwaters,Naw Chang  Hka,Naw Chang  Hka,,HP,,," 1,326 "," 3,625 "," 1,540 ", 96.5 ," 3,043 ", 72.8 ,32%,,, 42 ,,,  ,, 2.0 , 2.8 , 2 , 3 , 5 , 0 , RoR ,, -   ,,,,,, 140 , 769 ,, 0.63 ,, 230 , 15 ,Tongxinqiao,,,,YEIG/IGOEC,PRC/MYA,Foreign JV/BOT, 140 , 70 ,50%, 70 ,<-PRC?,, 600 ,,,2026,,, 46 , 35 , 32 , 31 , 31 , 53 , 149 , 243 , 197 , 145 , 120 , 71 ,
30,Pisa,MOA,P, 26.598389 , 98.343090 ,Kachin,Putau,Kanglanphu,,Ayeyarwady,Ayeyarwady Headwaters,Nmae Hka,N'Mai  Hka,,HP,,," 16,689 "," 3,000 "," 2,524 "," 1,730.0 "," 54,557 ", 103.7 ,4%,, CFRD , 153 , 665 , 650 , 15 ,, 7.9 , 31.0 , 306 , 229 , 535 , 2 , RoR ,, -   ,Underground," 1,804 ", 15.4 , 127 ,4," 2,000 "," 12,870 ",, 0.73 ,,,,,,,,CPI,PRC,Foreign JV/BOT," 2,000 ",,,  ,<-PRC?,," 7,100 ",,,2030,,, 114 , 98 , 85 , 70 , 100 , 312 , 590 , 619 , 463 , 400 , 244 , 152 ,
31,Tamanthi ,Suspended,P, 25.322227 , 95.296955 ,Sagaing,Hkamti,Htamanthi,Homemalin,Chindwin,Chindwin,Upper Chindwin,Chindwin,,HP,,, 109 ," 2,964 ",," 3,573.0 "," 112,678 ", 108.8 ,16%,,, 74 ,,,  ,, 509.0 ,," 6,312 "," 14,610 "," 20,922 ", 47 , S ,, -   ,,,,,," 1,200 "," 6,685 ",, 0.64 ,,,,,,,,NHPC,India,Foreign JV/BOT," 1,200 ",,,  ,India,," 4,600 ",,,,,, 704 , 596 , 577 , 688 ," 1,871 "," 5,534 "," 10,797 "," 8,681 "," 6,474 "," 4,009 "," 1,620 "," 1,038 ",
33,Hutgyi,MOA,P, 17.528000 , 97.747000 ,Kayin,Hpapun,Kamamung,,Thanlwin,Thanlwin Mainstem,Lower Thanlwin,Thanlwin Mainstem,,HP,,," 311,167 "," 2,436 "," 1,540 "," 4,409.0 "," 139,042 ", 14.2 ,32%,, RCC Gravity Dam , 118 , 48 , 40 , 8 ,, 27.1 , 16.0 , 338 , 171 , 509 , 0 , RoR ,, -   ,At dam toe, 648 , 3.7 , 30 ,," 1,360 "," 7,325 ",, 0.61 ,, 230 ,,230-kV TL Thaton SS and 33 kV TL Myainnggyingu SS MYA,,,,Sinohydro+EGATi+IGOEC,PRC/THA/MYA,Foreign JV/BOT," 1,360 ", 136 ,10%," 1,224 ",Thailand,," 5,100 ",,,2020,,," 1,774 "," 1,459 "," 1,393 "," 1,657 "," 2,315 "," 4,532 "," 8,002 "," 10,338 "," 8,928 "," 6,018 "," 3,859 "," 2,421 ",
35,Kabaung,Built,E, 18.896717 , 96.220825 ,Bago,Taungoo,Oak Twin,,Sittaung,Other Sittaung,Other Sittaung,Kabaung Chaung,,Multi,10.8,," 1,083 ",," 2,081 ", 36.1 ," 1,138 ", 33.3 ,12%,, Rock/Embankment? , 61 , 119 ,,  ,, 150.0 , 16.0 ," 1,084 ", 384 ," 1,468 ", 123 , S ,, -   ,Above ground,,,,8, 30 , 120 ,, 0.46 ,, 33 , 25 ,Taungoo,,,,MoEE/MOALI,Myanmar,Sole Investment , 30 , 30 ,100%, -   ,,,  ,,2008,,,,,,,,,,,,,,,,
38,Keng Tawng,Built,E, 20.598345 , 98.293050 ,Shan,Linkhe,Moenane,,Thanlwin,Nam Teng,Nam Teng,Nam Teng,,HP,,," 8,450 ",," 1,475 ", 164.8 ," 5,196 ", 19.5 ,22%,, CG , 27 ,,,  ,, 0.1 , 0.9 , 9 , 52 , 61 , 4 , S ,, 2.2 ,Above ground, 51 , 4.2 , 130 ,, 54 , 378 , 43 , 0.80 ,, 132 , 119 ,Namsan,,,,MoEE,Myanmar,Sole Investment, 54 , 54 ,100%, -   ,,,  ,,2009,,,,,,,,,,,,,,,,
39,Keng Tawng (upper),Construction,C, 20.745580 , 98.184077 ,Shan,Linkhe,Keng Tawng,,Thanlwin,Nam Teng,Nam Teng,Nam Teng,,HP,,," 7,510 ",," 1,475 ", 146.4 ," 4,618 ", 19.5 ,23%,, Rockfill , 56 ,,,  ,, 23.3 ,, 19 , 110 , 128 , 9 , S ,, -   ,Semi underground, 154 , 4.6 , 38 ,3, 51 , 231 ,, 0.52 ,, 132 , 73 ,Namsan,,,,MoEE,Myanmar,Sole Investment , 51 , 51 ,100%, -   ,,,  ,,,2019,,,,,,,,,,,,,,,
40,Keng Tong,MOU,P, 21.617799 , 99.500985 ,Shan,Mongkhak,,,Mekong,Nam Lwe,Nam Lwe,Nam Lwe,,HP,,," 4,543 ",," 1,381 ", 111.0 ," 3,500 ", 24.4 ,20%,,,,,,  ,, 8.4 , 26.0 , 21 , 12 , 32 , 1 , RoR ,, -   ,,,,,3, 170 , 536 ,, 0.36 ,,,,,,,,YNIC,PRC,Foreign JV/BOT, 170 , 85 ,50%, 85 ,<-PRC?,, 700 ,,,2025,,, 44 , 33 , 25 , 22 , 34 , 88 , 234 , 318 , 219 , 141 , 99 , 62 ,
41,Keng Yang,MOU,P, 21.346900 , 100.561900 ,Shan,He Kou,,,Mekong,Nam Lwe,Nam Lwe,Nam Lwe,,HP,,," 14,260 ",," 1,381 ", 340.0 ," 10,722 ", 23.8 ,20%,,,,,,  ,, 5.4 , 24.0 , 33 , 8 , 41 , 0 , RoR ,, -   ,,,,,, 70 , 155 ,, 0.25 ,,,,,,,,YNIC,PRC,Foreign JV/BOT, 70 , 35 ,50%, 35 ,<-PRC?,, 300 ,,,2025,,, 134 , 102 , 78 , 67 , 104 , 271 , 719 , 975 , 672 , 432 , 304 , 192 ,
44,Khaunglanphu,MOA,P, 26.849507 , 98.376808 ,Kachin,Puta-O,Kanglanphu,,Ayeyarwady,Ayeyarwady Headwaters,Nmae Hka,N'Mai  Hka,,HP,,," 14,655 ",," 1,540 "," 1,500.0 "," 47,304 ", 102.4 ,11%,, CFRD , 223 , 875 , 825 , 50 ,, 32.9 , 85.0 ," 1,574 "," 1,526 "," 3,100 ", 12 , S ,, -   ,Underground," 1,611 ", 9.5 , 192 ,," 2,700 "," 14,730 ",, 0.62 ,,,,,,,,CPI,PRC,Foreign JV/BOT," 2,700 ",,,  ,PRC,," 9,100 ",,,2030,,,,,,,,,,,,,,,
45,Kinda,Built,E, 21.160437 , 96.321037 ,Shan,Taunggyi,Kyaukse,Kanzwe,Ayeyarwady,Myitnge,Zawgyi/Myogyi,Panlaung Chaung,,Multi,16.8,," 2,240 ",,, 34.7 ," 1,094 ", 15.5 ,20%,, Rockfill , 72 , 193 ,,  ,, 28.6 , 14.5 , 207 , 871 ," 1,078 ", 290 , S ,, -   ,Above ground,,,,, 56 , 165 ,, 0.34 ,, 132 , 73+47 ,"Ingone,Thazi",,,,MoEE,Myanmar,Sole Investment , 56 , 56 ,100%, -   ,,,  ,,1990,,,,,,,,,,,,,,,,
47,Kun Chaung,Built,E, 18.420367 , 96.363854 ,Bago,Bago,Pyu,,Sittaung,Other Sittaung,Other Sittaung,Kun Chaung,,Multi,,, 855 ,," 2,081 ", 34.9 ," 1,101 ", 40.8 ,9%,, Earth/Rock , 73 , 190 ,,  ,, 150.0 , 23.0 , 333 ," 1,135 "," 1,468 ", 376 , S ,, 2.5 ,Above ground,,,,, 60 , 190 , 18 , 0.36 ,, 230 , 41 ,Chauk,,,,MoEE,Myanmar,Sole Investment , 60 , 60 ,100%, -   ,,,  ,,2012,,,,,,,,,,,,,,,,
48,KunLong,JVA,P, 23.531667 , 98.611111 ,Shan,Kunlong,Kunlong,Huli,Thanlwin,Thanlwin Mainstem,Upper Thanlwin,Thanlwin Mainstem,,HP,,," 128,989 ",,," 1,910.0 "," 60,234 ", 14.8 ,27%,, CG , 103 , 519 , 511 , 8 ,, 65.4 , 55.0 , 483 , 208 , 691 , 1 , RoR ,, -   ,At dam toe, 620 , 6.1 , 54 ,," 1,400 "," 7,142 ",, 0.58 ,, 230 , 68 ,Theinni,,,,"Hanergy YN, MPC",PRC/MYA,Foreign JV/BOT," 1,400 ", 700 ,50%, 700 ,PRC,," 5,200 ",,,2023,,, 518 , 511 , 673 ," 1,050 "," 1,680 "," 3,330 "," 4,280 "," 3,890 "," 3,130 "," 1,980 "," 1,030 ", 658 ,
49,Kyee Ohn Kyee Wa,Built,E, 20.331000 , 94.416000 ,Magway,Minbu,Sidoktaya,,Ayeyarwady,Mone Chaung,Mone Chaung, Mon Chaung ,,Multi,9.4,," 5,100 ",," 1,694 ", 126.9 ," 4,002 ", 24.9 ,10%,, Earth , 50 , 120 ,,  ,, 32.8 , 29.8 , -   , 571 , 571 , 52 , S ,, -   ,Above ground,,,,5, 74 , 370 , 42 , 0.57 ,, 132 , 70 ,Mann,,,,MOALI,Myanmar,Sole Investment , 74 , 74 ,100%, -   ,,,  ,,2012,,,,,,,,,,,,,,,,
51,Lawngdin,MOA,P, 26.043012 , 98.277743 ,Kachin,Myitkyina,Tsawlaw,Tsawlaw,Ayeyarwady,Ayeyarwady Headwaters,Naw Chang  Hka,Naw Chang  Hka,,HP,,," 2,080 "," 3,124 "," 1,540 ", 154.0 ," 4,857 ", 74.0 ,33%,,, 79 ,,,  ,, 12.4 , 10.7 , 27 , 40 , 67 , 3 , RoR ,, -   ,,,,,2, 600 ," 2,401 ",, 0.46 ,, 230 , 16 ,Tongxinqiao,,,,YEIG/IGOEC,PRC/MYA,Foreign JV/BOT, 600 , 300 ,50%, 300 ,<-PRC?,," 2,400 ",,,2026,,, 57 , 52 , 51 , 50 , 85 , 238 , 387 , 314 , 232 , 191 , 114 , 75 ,
52,Lemro 1,MOU,P, 20.857443 , 93.350503 ,Chin,Mindat,,,Rakhine,Lemro,Lemro, Le Mro ,,HP,,," 6,535 "," 3,560 "," 2,750 ", 404.0 ," 12,741 ", 61.8 ,#N/A,,,,,,  ,, 36.0 ,," 1,520 "," 7,609 "," 9,129 ", 218 , S ,, -   ,,,,,, 600 ," 3,576 ",, 0.68 ,,,,,,,,Tractabel,France,Foreign JV/BOT, 600 , 600 ,100%, -   ,,," 2,400 ",,,,,, - , - , - , - , - , - , - , - , - , - , - , - ,
53,Laza,JVA,P, 26.491779 , 97.776950 ,Kachin,Puta-O,Sumprabum,Sumprabum,Ayeyarwady,Ayeyarwady Headwaters,Mali Hka,Mali Hka,,HP,,," 15,291 "," 3,000 "," 2,524 "," 1,890.0 "," 59,603 ", 123.6 ,22%,, CFRD , 196 , 370 , 340 , 30 ,, 245.5 , 115.0 ," 6,080 "," 5,700 "," 11,780 ", 35 , S ,, -   ,," 1,844 ", 4.4 , 118 ,5," 1,900 "," 14,720 ",, 0.88 ,,,,,,,,CPIYN,PRC,Foreign JV/BOT," 1,900 ", 950 ,50%, 950 ,,," 6,800 ",,,2025,,, 418 , 447 , 660 ," 1,010 "," 1,400 "," 3,150 "," 4,490 "," 3,570 "," 2,950 "," 2,010 ", 841 , 519 ,
54,Lemro 2,MOU,P, 20.740347 , 93.268689 ,Rakhine,Mrauk Oo,Mrauk Oo,,Rakhine,Lemro,Lemro, Le Mro ,,HP,,," 8,355 "," 3,335 "," 2,750 ", 530.0 ," 16,714 ", 63.4 ,#N/A,,,,,,  ,, 193.0 ,, 4 ,,,, ROR ,, -   ,,,,,, 90 , 273 ,, 0.35 ,,,,,,,,Tractabel,France,Foreign JV/BOT, 90 , 90 ,100%, -   ,,, 400 ,,,,,, - , - , - , - , - , - , - , - , - , - , - , - ,
55,Nam Pawn (lower),MOU,P, 19.555000 , 97.408611 ,Kayah,Loikaw,,,Thanlwin,Nam Pawn,Nam Pawn,Nam Pawn,,HP,,," 7,860 "," 1,100 "," 1,446 ", 155.6 ," 4,907 ", 19.8 ,19%,,, 88 , 292 , 285 , 7 ,,, 36.0 ,,, 526 ,,,, -   ,At dam toe, 260 , 8.7 ,,, 105 , 618 ,, 0.67 ,,,,,,,,TEI/HCTC,SIN/MYA,Foreign JV/BOT, 105 , 105 ,100%, -   ,,, 400 ,,,2020,,,,,,,,,,,,,,,
57,Mong Ton,MOU,P, 20.456389 , 98.650000 ,Shan,Monghsat,Mongtong,,Thanlwin,Thanlwin Mainstem,Middle Thanlwin,Thanlwin Mainstem,,HP,,," 183,265 ",," 1,406 "," 2,776.0 "," 87,544 ", 15.1 ,32%,,, 241 , 395 ,,  ,, 870.0 , 380.0 ," 2,401 "," 37,399 "," 39,800 ", 156 , S ,, -   ,,,,,," 7,000 "," 34,700 ",, 0.57 ,,,,,,,,Three Gorges+EGAT,PRC/Thailand,Foreign JV/BOT," 7,000 ", 700 ,10%," 6,300 ",Thailand,," 14,500 ",,,2030,,," 1,030 ", 890 , 930 ," 1,250 "," 1,890 "," 3,660 "," 5,610 "," 6,290 "," 5,550 "," 3,720 "," 2,280 "," 1,400 ",
58,Manipur,MOU,P, 22.804356 , 93.943248 ,Chin,Falam,Kalay,,Chindwin,Manipur,Manipur,Manipura,,HP,,," 11,549 "," 1,500 "," 1,803 ", 193.0 ," 6,086 ", 16.7 ,34%,,, 168 ,,,  ,,, 45.0 , 769 , 874 ," 1,643 ", 52 , S ,, -   ,,,,,, 380 ," 1,903 ",, 0.57 ,, 230 , 32 ,GaNaw-Kalay In/out,,,,CHEC/Sein,PRC/MYA,Foreign JV/BOT, 380 , 380 ,100%, -   ,,," 1,500 ",,,2020,,, 79 , 72 , 65 , 74 , 113 , 213 , 379 , 412 , 386 , 278 , 150 , 88 ,
59,Mantong,MOA,P, 22.974690 , 98.557270 ,Shan,Hopang,Minemaw,,Thanlwin,Nam Ma,Nam Ma,Nam Ma,,HP,,," 3,936 "," 1,630 ",, 78.3 ," 2,469 ", 19.9 ,78%,, CFRD , 109 , 492 , 477 , 15 ,, 10.5 , 86.0 , 717 , 498 ," 1,215 ", 74 , S ,, -   ,River-bank, 282 , 9.1 , 86 ,3, 225 , 936 , 63 , 0.47 ,, 500 , 105 ,Theinni,,,,HydroChina/IGOEC,PRC/MYA,Foreign JV/BOT, 225 , 113 ,50%, 113 ,PRC,, 900 ,,,2024,,, 71 , 56 , 41 , 31 , 40 , 95 , 236 , 311 , 255 , 219 , 159 , 96 ,
62,Mone Chaung,Built,E, 20.479942 , 94.255325 ,Magway,Minbu,Setoktaya,Aukpone,Ayeyarwady,Mone Chaung,Mone Chaung,Mon Chaung,,Multi,,," 3,695 ",," 1,694 ", 97.3 ," 3,068 ", 26.3 ,10%,, Rockfill , 61 , 167 ,,  ,, 41.5 , 19.4 , 190 , 642 , 832 , 76 , S ,, -   ,Above ground,,,,, 75 , 330 , 38 , 0.50 ,, 132 , 160 ,Chauk,,,,MoEE/MOALI,Myanmar,Sole Investment , 75 , 75 ,100%, -   ,,,  ,,2004,,,,,,,,,,,,,,,,
63,Mongwa,Built,E, 21.396990 , 100.325821 ,Shan,Mong Yawng,KengTung,Manlane,Mekong,Nam Lwe,Nam Lwe, Nam Lwe ,,HP,,," 13,800 "," 1,535 "," 1,381 ", 285.0 ," 8,988 ", 20.7 ,19%,, Gravity Dam , 51 , 555 , 552 , 3 ,, 8.0 , 30.5 , 56 , 22 , 78 , 1 , RoR ,, -   ,Riverbed type, 294 , 5.3 , 26 ,, 66 , 330 ,, 0.57 ,,,,,,,,ESDC,Myanmar,Local BOT, 66 , 66 ,100%, -   ,,,  ,,2017,,,, 109 , 84 , 64 , 55 , 89 , 235 , 625 , 828 , 557 , 358 , 256 , 161 ,
64,Myitsone,JVA,P, 25.715000 , 97.535000 ,Kachin,Myitkyina,Myitkyina,,Ayeyarwady,Ayeyarwady,Upper Ayeyarwady Mainstem,Ayeyarwady,,HP,,," 48,782 "," 3,234 ",," 5,040.0 "," 158,941 ", 103.3 ,12%,, CFRD , 140 , 245 , 230 , 15 ,, 397.0 , 140.0 ," 8,687 "," 4,503 "," 13,190 ", 10 , S ,, -   ,Above ground," 7,158 ", 11.8 , 96 ,," 6,000 "," 31,290 "," 1,244 ", 0.60 ,,,,,,,,CPIYN/AWC,PRC/MYA,Foreign JV/BOT," 6,000 ", 600 ,10%," 5,400 ",PRC,," 14,200 ",,,,,,,,,,,,,,,,,,
65,Myittha,Built,E, 21.992222 , 94.036944 ,Magway,GaNaw,GaNaw,,Chindwin,Myittha,Myittha,Myittha,,Multi,,," 1,813 ",," 1,542 ", 43.9 ," 1,384 ", 24.2 ,4%,, Earth , 63 ,,,  ,, 12.2 ,, 153 , 172 , 325 , 45 , S ,, -   ,, 38 , 24.0 , 53 ,3, 40 , 170 ,, 0.49 ,, 66 , 40 ,GaNaw,,,,MOALI,Myanmar,Sole Investment , 40 , 40 ,100%, -   ,,,  ,,2017,,,,,,,,,,,,,,,,
66,Myogyi,Built,E, 21.463490 , 96.391440 ,Shan,Taunggyi,Ywa Ngan,,Ayeyarwady,Myitnge,Zawgyi/Myogyi,Zawgyi River,,Multi,8.9,," 3,873 ",," 1,185 ", 70.9 ," 2,236 ", 18.3 ,16%,,, 79 , 193 ,,  ,, 9.7 , 10.7 , 170 , 274 , 443 , 45 , S ,, -   ,Above ground,,,,8, 30 , 136 , 16 , 0.52 ,, 33 , 16 ,Taungtawgwin,,,,MOALI,Myanmar,Sole Investment , 30 , 30 ,100%, -   ,,,  ,,2015,,,,,,,,,,,,,,,,
67,Nam Hka,MOU,P, 21.733821 , 98.950044 ,Shan,Hopang,Mong Sat,,Thanlwin,Nam Hka,Nam Hka,Nam Hka,,HP,,," 7,827 "," 1,378 "," 1,356 ", 165.0 ," 5,203 ", 21.1 ,68%,,, 120 , 483 , 460 , 23 ,, 75.1 , 80.0 , 184 , 266 , 450 , 19 , S ,, -   ,,,,,2, 210 , 937 ,, 0.51 ,,,,,,,,YNIC,PRC,Foreign JV/BOT, 210 , 105 ,50%, 105 ,,, 900 ,,,2025,,, 100 , 79 , 62 , 53 , 63 , 172 , 526 , 676 , 456 , 313 , 212 , 137 ,
68,Nam Hsim,MOU,P, 22.560266 , 97.124079 ,Shan,Hsipaw,,, Ayeyarwady , Myitnge , Upper Myitnge , Myitnge Upper ,,HP,,," 1,368 ",," 1,628 ", 35.4 ," 1,116 ", 25.9 ,19%,,,,,,  ,,,,,,,,,, -   ,,,,,2, 30 ,,,,,,,,,,,PCR/SE,PRC/MYA,Foreign JV/BOT, 30 , 30 ,100%, -   ,,, 100 ,,,2020,,,,,,,,,,,,,,,
70,Nam Lang,MOU,P, 22.155565 , 97.248615 ,Shan,Hsipaw,,, Ayeyarwady , Myitnge , Upper Myitnge , Myitnge Upper ,,HP,,," 6,664 "," 1,150 "," 1,628 ", 143.0 ," 4,510 ", 21.5 ,17%,,,,,,  ,,,,,,,,,, -   ,,,,,, 210 ,,,,,,,,,,,PCR/SE,PRC/MYA,Foreign JV/BOT, 210 , 210 ,100%, -   ,,, 900 ,,,2020,,,,,,,,,,,,,,,
71,Nam Li,MOU,P, 25.369858 , 97.811427 ,Kachin,Myitkyina,Wyunmaw,Sadon(Twn),Ayeyarwady,Ayeyarwady Headwaters,Nmae Hka,N'Mai  Hka Tributary,,HP,,, 418 ," 2,913 ",, 26.7 , 842 , 63.9 ,29%,, CG , 44 , 590 , 577 , 13 ,,, 1.0 , 0 , 1 , 2 , 1 , RoR ,, 15.0 ,, 33 , 4.3 , 322 ,, 165 , 473 , 19 , 0.33 ,,,,,,,,YBEP/Chan Yinn Khuu,PRC/MYA,Foreign JV/BOT, 165 , 165 ,100%, -   ,,, 700 ,,,2020,,, 12 , 9 , 8 , 10 , 17 , 49 , 73 , 47 , 34 , 28 , 16 , 12 ,
72,Nam Lin,LocMoU,P, 20.742516 , 100.241026 ,Shan,Tachileik,Tachileik,,Mekong,Nam Lin,Nam Lin,Nam Lin,,HP,,," 2,614 "," 2,964 "," 1,408 ", 46.1 ," 1,454 ", 17.6 ,12%,, CG , 26 , 397 ,,  ,,,, 2 , 12 , 14 , 3 , RoR ,, -   ,Riverbed, 304 , 53.0 , 14 ,, 36 , 156 , 15 , 0.49 ,, 132 , 48 ,Tacheleik,,,,MAM,Myanmar,Local BOT, 36 , 36 ,100%, -   ,,, 100 ,,,2021,,, 9 , 7 , 6 , 8 , 13 , 37 , 60 , 30 , 25 , 21 , 12 , 9 ,
73,Nam Paw,Covenant,P, 23.944341 , 97.911001 ,Shan,Muse,Muse,Selan,Ayeyarwady,Shweli,Shweli,Nam Paw Creek,,HP,,," 1,025 "," 1,418 "," 1,533 ", 32.6 ," 1,028 ", 31.8 ,18%,,, 54 , 805 , 795 , 10 ,,, 1.3 , 21 , 31 , 52 , 11 , S ,, -   ,At dam toe, 59 , 10.3 , 39 ,2, 20 , 83 , 3 , 0.48 ,,,,,,,,Great Hor Kham,Myanmar,Local BOT, 20 , 20 ,100%, -   ,,, 100 ,,,2019,,, 14 , 12 , 8 , 6 , 8 , 34 , 74 , 86 , 58 , 43 , 28 , 19 ,
77,Nam Pawn (upper)  ,MOU,P, 20.062121 , 97.437368 ,Shan,Hpi Hseng,,,Thanlwin,Nam Pawn,Nam Pawn,Nam Pawn,,HP,,," 3,352 "," 1,100 "," 1,446 ", 66.4 ," 2,094 ", 19.8 ,21%,,, 10 , 570 ,,  ,,, 0.2 ,,, 7 ,,,, 17.8 ,, 65 , 4.6 ,,4, 150 , 782 ,, 0.60 ,,,,,,,,TEI/HCTC,SIN/MYA,Foreign JV/BOT, 150 , 150 ,100%, -   ,,, 600 ,,,2020,,,,,,,,,,,,,,,
82,Nam Tabak I,MOA,P, 25.090722 , 97.713906 ,Kachin,Myitkyina,Waingmaw,Waingmaw,Ayeyarwady,Namtabak,Namtabak,Namtamhpak,,HP,,," 1,121 "," 2,500 "," 1,910 ", 79.4 ," 2,504 ", 70.8 ,7%,, CG , 56 , 316 , 302 , 14 ,, 2.2 , 0.6 , 14 , 0 , 15 , 0 , RoR ,, 6.0 ,Above ground, 113 , 19.3 , 144 ,3, 141 , 684 , 28 , 0.54 ,,,,,,,,China Guodian/Tun Thwin Mining),PRC/MYA,Foreign JV/BOT, 141 ,,,  ,<-PRC?,, 600 ,,,2027,,, 38 , 36 , 27 , 23 , 23 , 55 , 156 , 256 , 125 , 107 , 89 , 60 ,
83,Nam Tu,LocMoU,P, 22.720943 , 97.319365 ,Shan,Kyaukme,Hsipaw,, Ayeyarwady , Myitnge , Upper Myitnge , Myitnge Upper ,,HP,,," 6,832 ",," 1,628 ", 129.6 ," 4,087 ", 19.0 ,21%,, CG , 114 , 492 , 479 , 13 ,,, 4.0 ,,,, -   ,,,,, 113 , 4.1 , 85 ,, 100 , 635 , 47 , 0.72 ,,,,,,,,NCEH,Myanmar,Local BOT, 100 , 100 ,100%, -   ,,, 400 ,,,2021,,,,,,,,,,,,,,,
86,Nancho,Built,E, 19.741200 , 96.450483 ,Naypyitaw,Det Khi Na,Pyinmana,,Sittaung,Paung Laung,Paung Laung,Sin The Chaung,,HP,,, 821 ," 1,650 "," 1,269 ", 18.3 , 577 , 22.3 ,17%,,, 72 , 295 ,,  ,, 0.3 , 3.0 , 5 , 4 , 9 , 2 , RoR ,, 5.2 ,Above ground, 46 , 14.3 , 100 ,, 40 , 152 , 13 , 0.43 ,, 230 , 26.52+12.5 ,Upper Paunglaung,,,,MoEE,Myanmar,Sole Investment , 40 , 40 ,100%, -   ,,,  ,,2013,,,,,,,,,,,,,,,,
92,Naopha,MOA,P, 22.987464 , 98.499151 ,Shan,Lashio,Tangyan,,Thanlwin,Thanlwin Mainstem,Upper Thanlwin,Thanlwin Mainstem,,HP,,," 141,127 ",,," 2,250.0 "," 70,956 ", 15.9 ,27%,, RCC Gravity Dam , 90 , 445 , 440 , 5 ,, 23.8 , 110.0 , 580 , 277 , 857 , 1 , RoR ,, -   ,,,,,3," 1,200 "," 6,182 ",, 0.59 ,,,,,,,,HydroChina/IGOEC,PRC/MYA,Foreign JV/BOT," 1,200 ", 600 ,50%, 600 ,PRC,," 4,600 ",,,2026,,, 616 , 608 , 795 ," 1,240 "," 1,990 "," 3,910 "," 5,030 "," 4,600 "," 3,730 "," 2,350 "," 1,240 ", 785 ,
96,Paung Laung (lower),Built,E, 19.785000 , 96.335000 ,Naypyitaw,Det Khi Na,Pyinmana,Zayyarthiri,Sittaung,Paung Laung,Paung Laung,Paung Laung Chaung,,Multi,14,," 4,381 "," 1,650 "," 1,269 ", 128.0 ," 4,037 ", 29.2 ,14%,, RCC , 131 , 225 ,,  ,, 17.0 , 16.0 , 340 , 350 , 690 , 32 , S ,, -   ,, 310 , 17.4 , 104 ,3, 280 , 911 , 104 , 0.37 ,, 230 , 13 ,Pyinmana,,,,MoEE/MOALI,Myanmar,Sole Investment , 280 , 280 ,100%, -   ,,,  ,,2005,,,,,,,,,,,,,,,,
97,Paung Laung (middle),MOU,P, 19.860000 , 96.508000 ,Mandalay,Nay Pyi Taw,Pyinmana,,Sittaung,Paung Laung,Paung Laung,Paung Laung Chaung,,HP,,," 2,722 "," 1,800 "," 1,269 ", 84.6 ," 2,668 ", 31.1 ,15%,, RCC , 110 , 284 ,,  ,, 9.6 , 10.0 , 215 , 214 , 429 , 29 , S ,, -   ,, 100 , 8.1 , 85 ,3, 100 , 342 , 39 , 0.39 ,, 230 , 8 ,Bluchaung2-Shwemyo In/out,,,,Energized Myanmar,SIN,Foreign JV/BOT, 100 , 100 ,100%, -   ,,, 400 ,,,2021,,,,,,,,,,,,,,,
98,Paung Laung (upper),Built,E, 19.756000 , 96.598000 ,Mandalay,Nay Pyi Taw,Pyinmana,,Sittaung,Paung Laung,Paung Laung,Paung Laung Chaung,,HP,,," 2,572 "," 1,710 "," 1,269 ", 82.4 ," 2,599 ", 32.0 ,14%,, RCC , 98 , 370 , 352 , 18 ,, 61.0 , 50.0 , 426 , 860 ," 1,286 ", 121 , S ,, -   ,Above ground, 200 , 17.4 , 79 ,, 140 , 454 , 84 , 0.37 ,, 230 , 27 ,Nancho,,,,MoEE,Myanmar,Sole Investment , 140 , 140 ,100%, -   ,,,  ,,2015,,,,,,,,,,,,,,,,
99,Hpak Nam,MOU,P, 20.209251 , 97.456152 ,Shan,Hpi Hseng,,,Thanlwin,Nam Pawn,Nam Pawn,Nam Pawn,,HP,,," 3,151 "," 1,100 "," 1,446 ", 62.0 ," 1,955 ", 19.7 ,21%,,, 20 , 900 ,,  ,,, 1.0 ,,, 20 ,,,, 10.3 ,Underground, 65 , 4.9 ,,, 105 , 557 ,, 0.61 ,,,,,,,,TEI/HCTC,SIN/MYA,Foreign JV/BOT, 105 , 105 ,100%, -   ,,, 400 ,,,2020,,,,,,,,,,,,,,,
100,Hpi Hseng,MOU,P, 20.118443 , 97.434970 ,Shan,Hpi Hseng,,,Thanlwin,Nam Pawn,Nam Pawn,Nam Pawn,,HP,,," 3,265 "," 1,100 "," 1,446 ", 64.6 ," 2,037 ", 19.8 ,21%,,, 10 , 665 ,,  ,,, 1.0 ,,, 4 ,,,, 6.0 ,, 65 , 4.7 ,,4, 45 , 265 ,, 0.67 ,,,,,,,,TEI/HCTC,SIN/MYA,Foreign JV/BOT, 45 , 45 ,100%, -   ,,, 200 ,,,2020,,,,,,,,,,,,,,,
101,Phyu Chaung,Built,E, 18.506214 , 96.351028 ,Bago,Taungoo,Phyu,,Sittaung,Other Sittaung,Other Sittaung,Pyu Chaung,,Multi,4,," 1,093 "," 2,540 "," 2,081 ", 36.2 ," 1,142 ", 33.1 ,10%,, Rockfill , 75 , 162 ,,  ,, 24.0 , 27.0 , 52 , 727 , 780 , 233 , S ,, -   ,Above ground,,,,2, 40 , 120 , 28 , 0.34 ,, 230 , 8 ,Taungoo-Tharyargone In/out,,,,MoEE/MOALI,Myanmar,Sole Investment , 40 , 40 ,100%, -   ,,,  ,,2015,,,,,,,,,,,,,,,,
103,Renan,MOA,P, 27.525941 , 98.090192 ,Kachin,Puta-O,Khawbude,,Ayeyarwady,Ayeyarwady Headwaters,Nmae Hka,N'Mai  Hka,,HP,,," 11,123 ",," 1,540 "," 1,070.0 "," 33,744 ", 96.2 ,10%,, CFRD , 159 ," 1,010 ", 980 , 30 ,, 9.2 , 56.0 , 605 , 578 ," 1,183 ", 6 , S ,, -   ,Ground," 1,082 ", 16.1 , 127 ,2," 1,200 "," 7,330 ",, 0.70 ,,,,,,,,CPI,PRC,Foreign JV/BOT," 1,200 ",,,  ,PRC,," 4,600 ",,,2030,,,,,,,,,,,,,,,
105,Sedawgyi,Built,E, 22.348646 , 96.326937 ,Mandalay,Pyinoolwin,Mandalay,,Ayeyarwady,Ma Gyi Chaung ,Ma Gyi Chaung ,Ma Gyi Chaung ,,Multi,3.8,," 3,424 ",," 1,802 ", 131.6 ," 4,150 ", 38.4 ,15%,, Rockfill , 41 , 129 ,,  ,, 40.5 , 16.1 , 104 , 344 , 448 , 30 , S ,, -   ,Above ground,,,,, 25 , 134 , 20 , 0.61 ,, 132 , 212 ,Kyaukpahto,,,,MoEE,Myanmar,Sole Investment, 25 , 25 ,100%, -   ,,,  ,,1989,,,,,,,,,,,,,,,,
106,Sedawgyi (upper),GOM Plan,P, 22.747640 , 96.206260 ,Shan,Kyaukme,Mandalay,,Ayeyarwady,Ma Gyi Chaung ,Ma Gyi Chaung ,Ma Gyi Chaung ,,Multi,,," 2,640 ", 889 ," 1,802 ", 101.0 ," 3,185 ", 38.3 ,16%,,, 73 ,,,  ,, 24.0 ,, 112 , 481 , 593 , 55 , S ,, -   ,,,,,3, 64 ,,, - ,, 132 , 212+48 ,Kyaukpahto/Aungpinle,,,,MOALI,Myanmar,Sole Investment, 64 , 64 ,100%, -   ,,, 300 ,,,,,, - , - , - , - , - , - , - , - , - , - , - , - ,
107,Shwegyin,Built,E, 17.970227 , 96.935001 ,Bago,Bago,Shwegyin,,Sittaung,Other Sittaung,Other Sittaung,Shwegyin River,,HP,,, 878 ," 3,700 "," 2,081 ", 39.3 ," 1,239 ", 44.8 ,10%,, Rockfill , 57 , 84 ,,  ,, 58.4 , 35.0 , 630 ," 1,450 "," 2,080 ", 427 , S ,, -   ,Above ground, 207 , 51.9 , 41 ,, 75 , 262 , 51 , 0.40 ,, 230 , 41 ,Tharyargone,,,,MoEE,Myanmar,Sole Investment , 75 , 75 ,100%, -   ,,,  ,,2011,,,, 4 , - , - , - , 15 , 45 , 276 , 464 , 167 , 151 , 35 , - ,
108,Shweli 1,Built,E, 23.698000 , 97.506000 ,Shan,Muse,Manthet Village,Nam Hkan,Ayeyarwady,Shweli,Shweli,Shweli,,HP,,," 12,597 "," 1,418 "," 1,533 ", 400.0 ," 12,614 ", 31.8 ,29%,, CG , 47 , 745 ,,  ,, 1.1 , 10.5 ,,,,,,, 9.5 ,Above ground, 230 , 2.0 , 299 ,, 600 ," 4,022 ", 175 , 0.77 ,, 230 , 96 ,Mansan,,,,YUPD,PRC,Foreign JV/BOT, 600 , 400 ,67%, 200 ,PRC,,  ,,2009,,,,,,,,,,,,,,,,
109,Shweli 2,MOA,P, 23.653100 , 97.312350 ,Shan,Muse,Namkham,,Ayeyarwady,Shweli,Shweli,Shweli,,HP,,," 13,265 "," 1,418 "," 1,533 ", 405.2 ," 12,778 ", 30.5 ,25%,, CFRD , 92 , 395 , 375 , 20 ,, 27.9 , 20.0 , 30 , 42 , 72 , 1 , RoR ,, -   ,Bankside, 526 , 5.2 , 110 ,, 520 ," 2,814 ", 138 , 0.62 ,, 230 , 70 ,Shweli3,,,,HIE/AWC,PRC/MYA,Foreign JV/BOT, 520 , 260 ,50%, 260 ,PRC,," 2,100 ",,,2021,,, 168 , 144 , 124 , 102 , 149 , 471 , 886 , 926 , 688 , 596 , 362 , 221 ,
110,Shweli 3,Construction,C, 23.315000 , 96.769000 ,Shan,Kyaukme,Namkham,,Ayeyarwady,Shweli,Shweli,Shweli,,HP,,," 14,810 "," 1,418 "," 1,533 ", 452.0 ," 14,254 ", 30.5 ,25%,, RCC , 122 , 235 , 195 , 40 ,, 118.0 , 65.0 ," 1,854 "," 3,610 "," 5,464 ", 92 , S ,, -   ,Above ground," 1,200 ", 10.5 , 88 ,6," 1,050 "," 3,400 ", 532 , 0.37 ,, 500 , 420 ,Meikhtila,,,,EDF SA,France,Foreign JV/BOT," 1,050 "," 1,050 ",100%, -   ,,,  ,,,2020,,, 188 , 161 , 138 , 114 , 166 , 526 , 989 ," 1,034 ", 768 , 665 , 404 , 247 ,
112,Suo Lwe,MOU,P, 21.359543 , 100.176054 ,Shan,Monghpyak,Moemeik,,Mekong,Nam Lwe,Nam Lwe, Nam Lwe ,,HP,,," 7,315 ",," 1,381 ", 178.0 ," 5,613 ", 24.3 ,20%,,, -   ,,,  ,, 40.9 , 72.0 , 624 , 714 ," 1,338 ", 46 , S ,,,,,,,4, 240 ,,, - ,,,,,,,,YNIC,PRC,Foreign JV/BOT, 240 , 120 ,50%, 120 ,?,," 1,000 ",,,2025,,, 70 , 54 , 41 , 35 , 54 , 142 , 377 , 511 , 352 , 226 , 159 , 100 ,
113,Taninthayi,Suspended,P, 12.777000 , 98.940000 ,Tanintharyi,Tenasserim,Tanintharyi,,Tanintharyi,Tanintharyi,Tanintharyi,Taninthayi,,HP,,," 9,870 "," 2,930 "," 2,123 ", 470.0 ," 14,822 ", 47.6 ,12%,,, -   ,,,  ,, 585.0 ,," 18,471 "," 8,615 "," 27,086 ", 212 , S ,, -   ,,,,,4, 600 ," 3,476 ",, 0.66 ,, 230 , 32 ,Dawei,,,,Italian-Thai,Thailand,Foreign JV/BOT, 600 ,,,  ,,," 2,400 ",,,,,,,,,,,,,,,,,,
116,Thahtay,Construction,C, 18.640000 , 94.381000 ,Rakhine,Thandwe,Thandwe,,Rakhine,Thahtay,Thahtay,Thahtay,,HP,,," 1,293 ",," 2,545 ",, -   ,,,, Zone type/Rockfill , 91 , 81 , 50 , 31 ,,, 32.0 ,,,,, - ,, -   ,Semi-Underground, 200 , - , 64 ,, 111 , 386 , 34 , 0.40 ,, 230 , 9 ,Oakshitpin-Toungup In/out,,,,MoEE,Myanmar,Sole Investment , 111 , 111 ,100%, -   ,,,  ,,,2020,,,,,,,,,,,,,,,
118,Thapanzeik,Built,E, 23.305918 , 95.358330 ,Sagaing,Shwebo,Kyun Hla,Ngapyawtine,Ayeyarwady,Mu,Mu,Mu River,,Multi,11.5,," 9,338 ",," 1,260 ", 209.0 ," 6,591 ", 22.4 ,9%,, Earth , 33 , 159 ,,  ,, 397.1 , 42.8 , 481 ," 3,072 "," 3,552 ", 170 , S ,, -   ,Above ground,,,,, 30 , 117 , 13 , 0.45 ,, 132 , 53 ,Ngapyadaing,,,,MoEE/MOALI,Myanmar,Sole Investment , 30 , 30 ,100%, -   ,,,  ,,2002,,,,,,,,,,,,,,,,
120,Thauk Ye Khat 2,Built,E, 18.914102 , 96.619907 ,Kayin,Hpa-An,Tangoo,,Sittaung,Other Sittaung,Other Sittaung,Thauk Ye Khat,,HP,,," 2,175 "," 2,692 "," 2,081 ", 50.5 ," 1,593 ", 23.2 ,11%,, Earth , 94 ,,,  ,, 13.8 , 22.0 , 296 , 148 , 444 , 34 , S ,, -   ,,,,,, 120 , 604 , 101 , 0.57 ,, 230 , 23 ,Taungoo,,,,Gold Energy,Myanmar,Local BOT, 120 , 120 ,100%, -   ,,,  ,,2014,,,,,,,,,,,,,,,,
121,Tongxinqiao,JVA,P, 25.963646 , 98.360249 ,Kachin,Myitkyina,Myitkyina,Tsawlaw,Ayeyarwady,Ayeyarwady Headwaters,Naw Chang  Hka,Naw Chang  Hka,,HP,,," 1,743 "," 3,268 "," 1,540 ", 135.1 ," 4,262 ", 77.5 ,32%,, CG , 63 ," 1,075 "," 1,060 ", 15 ,, 8.8 , 4.0 , 2 , 4 , 5 , 0 , RoR ,, 13.0 ,Bankside, 146 , 3.3 , 260 ,3, 340 ," 1,695 ", 61 , 0.57 ,, 500 , 130 ,Winemaw,,,,YEIG/IGOEC,PRC/MYA,Foreign JV/BOT, 340 , 170 ,50%, 170 ,<-PRC?,," 1,400 ",,,2026,,, 49 , 45 , 44 , 44 , 75 , 209 , 339 , 275 , 203 , 167 , 99 , 65 ,
125,Wutsok,MOA,P, 26.403585 , 98.292511 ,Kachin,Myitkyina,Myitkyina,Na Zun Baw,Ayeyarwady,Ayeyarwady Headwaters,Nmae Hka,N'Mai  Hka,,HP,,," 18,225 ",," 1,540 "," 1,910.0 "," 60,234 ", 104.8 ,11%,, CFRD , 165 , 525 , 510 , 15 ,, 6.3 , 29.0 , 455 , 150 , 605 , 1 , RoR ,, -   ,," 1,718 ", 8.4 , 120 ,," 1,800 "," 13,410 ",, 0.85 ,,,,,,,,CPI,PRC,Foreign JV/BOT," 1,800 ",,,  ,PRC,," 6,500 ",,,2030,,,,,,,,,,,,,,,
127,Yenwe,Built,E, 18.085211 , 96.446152 ,Bago,Bago,Kyauktaga,Myoechaung,Sittaung,Other Sittaung,Other Sittaung,Ye Nwe Chaung,,Multi,12.35,, 793 ,," 2,081 ", 39.1 ," 1,233 ", 49.3 ,7%,, Earth , 77 , 103 ,,  ,, 76.7 , 36.0 , 149 ,, 149 , -   , RoR ,, -   ,,,,,, 25 , 123 , 14 , 0.56 ,, 33 , 27 ,Tharyargone,,,,MoEE/MOALI,Myanmar,Sole Investment , 25 , 25 ,100%, -   ,,,  ,,2007,,,,,,,,,,,,,,,,
129,Yeywa,Built,E, 21.675196 , 96.474077 ,Mandalay,Pyinoolwin,Kyaukse,Ye Yaman,Ayeyarwady,Myitnge,Lower Myitnge,Lower Myitnge,,HP,,," 28,206 ", 838 ," 1,600 ", 483.0 ," 15,232 ", 17.1 ,33%,, RCC , 132 , 185 , 150 , 35 ,, 59.0 , 75.0 ," 1,000 "," 1,630 "," 2,630 ", 39 , S ,, -   ,Above ground, 840 , 5.3 , 91 ,2, 790 ," 3,550 ", 175 , 0.51 ,, 230 , 38 + 118 ,"Belin, Meiktila",,,,MoEE,Myanmar,Sole Investment , 790 , 790 ,100%, -   ,,,  ,,2010,,,, 250 , 202 , 175 , 160 , 192 , 340 , 649 ," 1,098 "," 1,088 ", 875 , 605 , 362 ,
130,Yeywa (middle),MOU,P, 21.960240 , 96.873130 ,Shan,Kyaukme,Nawng Khio,Yedwingyi,Ayeyarwady,Myitnge,Lower Myitnge,Lower Myitnge,,HP,,," 25,490 "," 1,300 "," 1,608 ", 412.0 ," 12,993 ", 16.2 ,32%,, RCC/Arch dam , 160 , 320 , 300 , 20 ,, 11.0 , 70.0 , 258 , 196 , 454 , 6 , S ,, -   ,Underground, 592 , 4.5 , 135 ,4, 700 ," 3,253 ",, 0.53 ,, TBD , TBD ,500kV Meilhtila S/S,,,,SN Power,Norway,Foreign JV/BOT, 700 , 700 ,100%, -   ,,," 2,800 ",,,2020,,, 195 , 168 , 148 , 133 , 167 , 340 , 559 , 829 , 744 , 654 , 458 , 263 ,
131,Yeywa (upper),Construction,C, 22.254093 , 97.046741 ,Shan,Pyinoolwin,Kyautme,,Ayeyarwady,Myitnge,Lower Myitnge,Lower Myitnge,,HP,,," 21,700 "," 1,270 "," 1,628 ", 371.0 ," 11,700 ", 17.1 ,32%,, RCC , 97 , 395 , 385 , 10 ,, 26.9 , 54.0 , 145 , 196 , 341 , 6 , S ,, -   ,Above ground, 127 , 4.2 , 67 ,, 280 ," 1,409 ",, 0.57 ,, 230 , 130 ,Shwesaryan,,32,,MoEE,Myanmar,Sole Investment , 280 , 280 ,100%, -   ,,,  ,,,2019,,, 84 , 73 , 64 , 58 , 72 , 147 , 242 , 359 , 322 , 283 , 198 , 114 ,
132,Ywathit,MOA,P, 19.131059 , 97.521257 ,Kayah,Bawlake,Ywathit,Bawlakhe,Thanlwin,Thanlwin Mainstem,Middle Thanlwin,Thanlwin Mainstem,,HP,,," 208,984 ",,," 3,400.0 "," 107,222 ", 16.3 ,33%,, RCC Gravity Dam , 167 , 215 , 200 , 15 ,, 43.5 , 130.0 ," 7,427 "," 3,330 "," 10,757 ", 11 , S ,, -   ,Power House At Dam Toe," 5,325 ", 4.8 , 98 ,4," 4,000 "," 25,519 ",, 0.73 ,,,,,,,,CDOI/STH,PRC/MYA,Foreign JV/BOT," 4,000 ", 400 ,10%," 3,600 ",Thailand,," 11,900 ",,,2030,,," 1,340 "," 1,120 "," 1,120 "," 1,420 "," 2,050 "," 3,860 "," 6,260 "," 7,510 "," 6,590 "," 4,550 "," 2,960 "," 1,840 ",
133,Zaungtu,Built,E, 17.755818 , 96.198980 ,Bago,Bago,Bago,,Myit Mo Hka & Bago,Bago,Bago,Bago River,,HP,,," 1,098 ",," 3,151 ", 57.0 ," 1,798 ", 51.9 ,7%,, Embankment , 45 , 65 , 52 , 13 ,, 14.9 , 18.5 , 105 , 302 , 407 , 61 , S ,, -   ,,,,,4, 20 , 76 , 9 , 0.43 ,, 66 , 73 ,Kamarnat,,,,MoEE,Myanmar,Sole Investment , 20 , 20 ,100%, -   ,,,  ,,2000,,,,,,,,,,,,,,,,
134,Zawgyi I,Built,E, 21.383300 , 96.901470 ,Shan,Taunggyi,Yaksauk,,Ayeyarwady,Myitnge,Zawgyi/Myogyi,Zawgyi River,,HP,,," 1,406 ",," 1,185 ", 30.0 , 946 , 21.3 ,16%,,, -   , 833 ,,  ,, -   , -   , -   , -   , -   , -   , RoR ,, 1.7 ,Above ground,,,,4, 18 , 35 , 4 , 0.22 ,, 66 , 76 ,Aungthapye,,,,MoEE,Myanmar,Sole Investment , 18 , 18 ,100%, -   ,,,  ,,1995,,,,,,,,,,,,,,,,
135,Zawgyi II,Built,E, 21.564800 , 96.872600 ,Shan,Taunggyi,Yaksauk,,Ayeyarwady,Myitnge,Zawgyi/Myogyi,Zawgyi River,,Multi,,," 1,907 ",," 1,185 ", 42.8 ," 1,350 ", 22.4 ,16%,, Earth , 44 , 653 ,,  ,, 38.5 , 8.2 , 123 , 516 , 639 , 139 , S ,, -   ,Above ground,,,,9, 12 , 30 , 3 , 0.29 ,, 66 , 23 ,Zawgyi1,,,,MoEE/MOALI,Myanmar,Sole Investment , 12 , 12 ,100%, -   ,,,  ,,2011,,,,,,,,,,,,,,,,
136,Mali,Built,E, 24.984580 , 97.613500 ,Kachin,Myitkyina,Waingmaw,Gau Dau Yang,Ayeyarwady,Mali Creek,Mali Creek,Mali Creek,,HP,,, 290 ,," 1,828 ", 14.2 , 448 , 49.0 ,20%,,,,,,  ,,,,,,,, ROR ,, 5.7 ,,,,,, 11 , 54 ,, 0.58 ,,,,,,,,Buga Co.,Myanmar,Local BOT, 11 , 11 ,100%, -   ,,,  ,,2006,,,,,,,,,,,,,,,,
136,Nam Tabak II,MOA,P, 25.119755 , 97.650627 ,Kachin,Myitkyina,Waingmaw,Waingmaw,Ayeyarwady,Namtabak,Namtabak,Namtamhpak,,HP,,," 1,289 "," 2,500 "," 1,910 ", 80.0 ," 2,523 ", 62.1 ,20%,, CG , 27 , 476 , 472 , 4 ,,, 2.6 ,,,,, ROR ,, 10.0 ,Above ground, 108 , 7.1 , 145 ,, 144 , 635 , 25 , 0.50 ,,,,,,,,China Guodian/Tun Thwin Mining),PRC/MYA,Foreign JV/BOT, 144 ,,,  ,<-PRC?,, 600 ,,,2027,,,,,,,,,,,,,,,
137,Mong Hsat,LocMoU,P, 20.662222 , 99.375000 ,Shan,Mong Hsat,,,Mekong,Nam Hkoke,Nam Hkoke,Nam Hkoke,,HP,,," 1,284 ",," 1,368 ", 21.2 , 669 , 13.4 ,15%,,,,,,  ,,,,,,,,,, -   ,,,,,, 30 ,,,,,,,,,,,Suntac Power Co.,Myanmar,Local BOT, 30 , 30 ,, 30 ,,, 100 ,,,,,,,,,,,,,,,,,,
148,Tawog Hka,Identified,I, 26.309687 , 96.529870 ,Kachin,Myitkyina,,Nam Gawn,Chindwin,Chindwin Headwater 2,Chindwin Headwater 2,Nam Lanog Hka,,,,, 76 ,," 3,018 ", 6.6 , 208 , 86.8 ,,,,,,,,,,,,,,,,,,,,,,,50.0,,,,,,,,,,,NA,NA,NA,,,,,,,200,,,,,,,,,,,,,,,,,,
149,Ta Rung Hka,Identified,I, 26.718029 , 96.468290 ,Kachin,Myitkyina,,TaKyet,Chindwin,Chindwin Headwater 1,Chindwin Headwater 1,Ta Rung Hka,,,,," 4,837 ",," 2,957 ", 463.0 ," 14,601 ", 95.7 ,,,,,,,,,,,,,,,,,,,,,,,150.0,,,,,,,,,,,NA,NA,NA,,,,,,,600,,,,,,,,,,,,,,,,,,
150,Ta Nai Hka,Identified,I, 26.294175 , 96.950080 ,Kachin,Myitkyina,,Aung Lut,Chindwin,Chindwin Headwater 2,Chindwin Headwater 2,Ta Nai Hka,,,,," 2,095 ",," 3,018 ", 168.0 ," 5,298 ", 80.2 ,,,,,,,,,,,,,,,,,,,,,,,15.0,,,,,,,,,,,NA,NA,NA,,,,,,,100,,,,,,,,,,,,,,,,,,
151,Thauk Ye Khat 1,Identified,I, 18.938587 , 96.719624 ,Kayin,,,,Sittaung,Other Sittaung,Other Sittaung,Thauk Ye Khat,,,,," 1,621 ",," 2,081 ", 36.0 ," 1,135 ", 22.2 ,,,,,,,,,,,,,,,,,,,,,,,150.0,,,,,,,,,,,NA,NA,NA,,,,,,,600,,,,,,,,,,,,,,,,,,
152,Yunzalin,Identified,I, 18.294960 , 97.340810 ,Kayin,Panan,,,Thanlwin,Yunzalin,Yunzalin HPP,,,,,," 1,365 ",," 1,709 ", 40.0 ," 1,261 ", 29.3 ,,,,,,,,,,,,,,,,,,,,,,,100.0,,,,,,,,,,,NA,NA,NA,,,,,,,400,,,,,,,,,,,,,,,,,,
153,Lam Pha,Identified,I, 16.305021 , 98.348758 ,Kayin,Kawareik,,Lam Pha,Thanlwin,Lam Pha,Lam Pha HPP,Lam Pha,,,,, 81 ,," 3,137 ", 3.7 , 117 , 45.7 ,,,,,,,,,,,,,,,,,,,,,,,19.5,,,,,,,,,,,NA,NA,NA,,,,,,,100,,,,,,,,,,,,,,,,,,
154,Mi Chaung,Identified,I, 21.334187 , 93.073495 ,Chin,Mindat,,,Rakhine,Kaladan,Kaladan,Mi Chaung,,,,," 1,296 ",," 2,665 ",, -   ,,,,,,,,,,,,,,,,,,,,,,,,200.0,,,,,,,,,,,NA,NA,NA,,,,,,,800,,,,,,,,,,,,,,,,,,
155,U Yu Chaung,Identified,I, 24.865948 , 95.294431 ,Sagaing,Hkamti,,,Chindwin,Uyu,Uyu,Uyu,,,,," 9,495 ",," 2,187 ", 629.0 ," 19,836 ", 66.2 ,,,,,,,,,,,,,,,,,,,,,,,12.0,,,,,,,,,,,NA,NA,NA,,,,,,,50,,,,,,,,,,,,,,,,,,
156,Thein Kun Chaung,Identified,I, 11.769949 , 99.331205 ,Tanintharyi,Myeik,,,Tanintharyi,Tanintharyi,Tanintharyi,Thein Kun,,,,," 1,248 ",," 2,123 ", 22.0 , 694 , 17.6 ,,,,,,,,,,,,,,,,,,,,,,,25.0,,,,,,,,,,,NA,NA,NA,,,,,,,100,,,,,,,,,,,,,,,,,,
157,Tha Gyet Chaung,Identified,I, 12.132896 , 99.227161 ,Tanintharyi,,,,Tanintharyi,Tanintharyi,Tanintharyi,Tha Gyet,,,,," 1,104 ",," 2,123 ", 36.0 ," 1,135 ", 32.6 ,,,,,,,,,,,,,,,,,,,,,,,20.0,,,,,,,,,,,NA,NA,NA,,,,,,,100,,,,,,,,,,,,,,,,,,
158,Glohong Kra,Identified,I, 10.775209 , 98.858324 ,Tanintharyi,,,,Tanintharyi,Glohong Kra,Glohong Kra HPP,Glohong Kra,,,,, 60 ,," 2,942 ", 2.7 , 85 , 45.0 ,,,,,,,,,,,,,,,,,,,,,,,40.0,,,,,,,,,,,NA,NA,NA,,,,,,,200,,,,,,,,,,,,,,,,,,
159,Myet Taw Chaung,Identified,I, 15.682011 , 97.915769 ,Kayin,Kawareik,,,Thanlwin,Myet Taw Chaung,Myet Taw Chaung HPP,Myet Taw Chaung,,,,, 31 ,," 3,818 ", 2.7 , 85 , 87.1 ,,,,,,,,,,,,,,,,,,,,,,,10.0,,,,,,,,,,,NA,NA,NA,,,,,,,40,,,,,,,,,,,,,,,,,,
160,Mindon,Identified,I, 19.370890 , 94.712866 ,Magway,Thayet,,,Ayeyarwady,Mindon,Mindon HPP,,,,,, 676 ,," 1,385 ", 24.0 , 757 , 35.5 ,,,,,,,,,,,,,,,,,,,,,,,18.0,,,,,,,,,,,NA,NA,NA,,,,,,,100,,,,,,,,,,,,,,,,,,
161,Than Dwe,Identified,I, 18.386144 , 94.493902 ,Rakhine,Thandwe,Thandwe,,Rakhine,Than Dwe,Than Dwe HPP,Than Dwe,,,,, 738 ,," 2,665 ",, -   ,,,,,,,,,,,,,,,,,,,,,,,,39.0, 105 ,, 0.31 ,,,,,,,,NA,NA,NA,,,,,,,200,,,,,,,,,,,,,,,,,,
162,Kyein Ta Li,Identified,I, 17.950012 , 94.576508 ,Rakhine,,,,Rakhine,Kyein Ta Li,Kyein Ta Li HPP,Kyein Ta Li,,,,, 880 ,," 2,665 ",, -   ,,,,,,,,,,,,,,,,,,,,,,,,28.0, 151 ,, 0.62 ,,,,,,,,NA,NA,NA,,,,,,,100,,,,,,,,,,,,,,,,,,
163,Nam Hkok,Identified,I, 20.196337 , 99.346670 ,Shan,Mong Hsat,,,Mekong,Nam Hkoke,Nam Hkoke,Nam Hkoke,,,,," 2,736 ",," 1,368 ", 43.0 ," 1,356 ", 15.7 ,,,,,,,,,,,,,,,,,,,,,,,30.0,,,,,,,,,,,NA,NA,NA,,,,,,,100,,,,,,,,,,,,,,,,,,
164,Saing Din,Identified,I, 20.893779 , 92.652188 ,Rakhine,,BuuTheeTaung,,Rakhine,Saing Din Creek,Saing Din Creeek,,,,,, 926 ,," 4,428 ",, -   ,,,,,,,,,,,,,,,,,,,,,,,,76.5, 236 ,, 0.35 ,,,,,,,,NA,NA,NA, 77 ,,,,,,300,,,,,,,,,,,,,,,,,,
165,Sar Ra Wa Chaung,Identified,I, 12.829406 , 98.981670 ,Tanintharyi,,,,Tanintharyi,Tanintharyi,Tanintharyi,,,,,," 1,565 ",," 2,123 ", 72.0 ," 2,271 ", 46.0 ,,,,,,,,,,,,,,,,,,,,,,,11.0,,,,,,,,,,,NA,NA,NA,,,,,,,50,,,,,,,,,,,,,,,,,,
,,,,,,,,,,,,,,,,,,,,,,,,,,,,,,,,,,,,,,,,,,,,,,,,,,,,,,,,,,,,,,,,,,,,,,,,,,,,,,,,,,,,
,,,,,,,,,,,,,,,,,,,,,,,,,,,,,,,,,,,,,,,,,,,,,,,,,,,,,,,,,,,,,,,,,,,,,,,,,,,,,,,,,,,,